{"eval/loss":NaN,"eval/perplexity":NaN,"_wandb":{"runtime":10520},"_timestamp":1.7444905589359345e+09,"train/step":4051,"_step":4051,"train/epoch":2,"train/loss":0.4643103778362274,"_runtime":10516.965982178}